<?xml version="1.0" encoding="UTF-8"?>
<teamcity-plugin xmlns:xsi="http://www.w3.org/2001/XMLSchema-instance"
                 xsi:noNamespaceSchemaLocation="urn:shemas-jetbrains-com:teamcity-plugin-v1-xml">
  <info>
      <name>VB6BuildRunner</name>
      <display-name>VB6 Build Runner</display-name>
      <version>0.1.0</version>
      <description>Compiles a Visual Basic 6 project.</description>
      <vendor>
          <name>OceanWeb Systems</name>
          <url>http://www.oceanwebsystems.com/</url>
      </vendor>
  </info>
  <deployment use-separate-classloader="true"/>
</teamcity-plugin>